key,location,latitude,longitude
Eddard_Stark-1,Winterfell,,
Eddard_Stark-1,Execution_Holdfast,,
Eddard_Stark-2,Winterfell,,
Eddard_Stark-2,,64.6991,-124.8632
Eddard_Stark-2,,57.9848,-122.4023
Eddard_Stark-3,,57.9848,-122.4023
Eddard_Stark-3,,44.5900,-122.4023
Eddard_Stark-3,,41.0462,-120.5566
Eddard_Stark-3,,36.1733,-122.0507
Eddard_Stark-3,,33.8700,-121.5234
Eddard_Stark-3,,26.4312,-114.1406
Eddard_Stark-4,,26.4312,-114.1406
Eddard_Stark-4,Darry,,
Eddard_Stark-4,,16.0669,-109.5263
Eddard_Stark-4,Hayford,,
Eddard_Stark-4,King%27s_Landing,,
Catelyn_Stark-1,Winterfell,,
Catelyn_Stark-1,,64.1489,-117.0410
Catelyn_Stark-1,White_Harbor,,
Catelyn_Stark-1,,50.0359,-110.7128
Catelyn_Stark-1,,49.2964,-78.9843
Catelyn_Stark-1,,20.6739,-77.6660
Catelyn_Stark-1,,10.7901,-94.3652
Catelyn_Stark-1,,1.3621,-97.3535
Catelyn_Stark-1,King%27s_Landing,,
Catelyn_Stark-2,King%27s_Landing,,
Catelyn_Stark-2,,13.1115,-108.8671
Catelyn_Stark-3,,13.1115,-108.8671
Catelyn_Stark-3,Crossroads_Inn,,
Catelyn_Stark-4,Crossroads_Inn,,
Catelyn_Stark-4,,25.1651,-110.2294
Catelyn_Stark-4,,25.2446,-106.0107
Catelyn_Stark-4,,27.4107,-104.9121
Catelyn_Stark-5,,27.4107,-104.9121
Catelyn_Stark-5,,28.2656,-103.5937
Catelyn_Stark-5,Eyrie,,
Catelyn_Stark-6,Eyrie,,
Catelyn_Stark-6,,33.5780,-95.3613
Catelyn_Stark-6,Ironoaks,,
Catelyn_Stark-6,,30.6001,-90.5273
Catelyn_Stark-6,Gulltown,,
Catelyn_Stark-6,,27.3718,-84.1553
Catelyn_Stark-6,,27.7224,-78.1787
Catelyn_Stark-7,White_Harbor,,
Catelyn_Stark-7,Moat_Cailin,,
Catelyn_Stark-8,Moat_Cailin,,
Catelyn_Stark-8,,45.0580,-122.4902
Catelyn_Stark-8,Twins,,
Catelyn_Stark-8a,Crossroads_Inn,,
Catelyn_Stark-8a,,25.6811,-113.5253
Catelyn_Stark-8a,,34.7777,-121.9628
Catelyn_Stark-8a,Twins,,
Catelyn_Stark-9,Twins,,
Catelyn_Stark-9,,34.7777,-125.3906
Catelyn_Stark-9,Fairmarket,,
Catelyn_Stark-9,,23.9661,-128.3642
Catelyn_Stark-10,,23.9661,-128.3642
Catelyn_Stark-10,Riverrun,,
Catelyn_Stark-11,Riverrun,,
Catelyn_Stark-11,,16.8466,-128.2031
Catelyn_Stark-11,,13.7954,-123.8085
Catelyn_Stark-11,Bitterbridge,,
Catelyn_Stark-12,Bitterbridge,,
Catelyn_Stark-12,,-10.1851,-92.6074
Catelyn_Stark-12,Storm%27s_End,,
Catelyn_Stark-13,Storm%27s_End,,
Catelyn_Stark-13,,-14.1365,-98.6718
Catelyn_Stark-13,,-9.3189,-105.7031
Catelyn_Stark-13,,-7.2316,-115.5468
Catelyn_Stark-13,Riverrun,,
Catelyn_Stark-14,Storm%27s_End,,
Catelyn_Stark-14,,-14.1365,-98.6718
Catelyn_Stark-14,,-9.3189,-105.7031
Catelyn_Stark-14,,-7.2316,-115.5468
Catelyn_Stark-14,,12.2112,-135.7910
Catelyn_Stark-14,Oxcross,,
Catelyn_Stark-15,Oxcross,,
Catelyn_Stark-15,,22.1060,-134.6484
Catelyn_Stark-16,,22.1060,-134.6484
Catelyn_Stark-16,Harrenhal,,
Catelyn_Stark-17,Harrenhal,,
Catelyn_Stark-17,,21.6166,-122.0801
Catelyn_Stark-18,,21.6166,-122.0801
Catelyn_Stark-18,Riverrun,,
Catelyn_Stark-19,Riverrun,,
Catelyn_Stark-19,,29.1713,-122.5781
Catelyn_Stark-19,,30.9210,-126.4013
Catelyn_Stark-19,,32.6578,-127.4121
Catelyn_Stark-20,,32.6578,-127.4121
Catelyn_Stark-20,Twins,,
Catelyn_Stark-21,Twins,,
Catelyn_Stark-21,Oldstones,,
Catelyn_Stark-22,Oldstones,,
Catelyn_Stark-22,BWB_Hideout,,
Robb_Stark-1,Winterfell,,
Robb_Stark-1,Execution_Holdfast,,
Robb_Stark-2,Winterfell,,
Robb_Stark-2,Moat_Cailin,,
Robb_Stark-3,Moat_Cailin,,
Robb_Stark-3,,45.0580,-122.4902
Robb_Stark-4,,45.0580,-122.4902
Robb_Stark-4,Twins,,
Robb_Stark-5,Twins,,
Robb_Stark-5,,34.7777,-125.3906
Robb_Stark-5,Fairmarket,,
Robb_Stark-5,,23.9661,-128.3642
Robb_Stark-6,,23.9661,-128.3642
Robb_Stark-6,Riverrun,,
Robb_Stark-7,Riverrun,,
Robb_Stark-7,Wayfarer%27s_Rest,,
Robb_Stark-7,,14.6898,-143.8769
Robb_Stark-7,Oxcross,,
Robb_Stark-8,,23.9661,-128.3642
Robb_Stark-8,,14.6898,-143.8769
Robb_Stark-8,Oxcross,,
Robb_Stark-9,Oxcross,,
Robb_Stark-9,,14.6898,-143.8769
Robb_Stark-9,Ashemark,,
Robb_Stark-9,The_Crag,,
Robb_Stark-10,The_Crag,,
Robb_Stark-10,Riverrun,,
Robb_Stark-11,The_Crag,,
Robb_Stark-11,,22.1060,-134.6484
Robb_Stark-12,,22.1060,-134.6484
Robb_Stark-12,Harrenhal,,
Robb_Stark-13,Harrenhal,,
Robb_Stark-13,,21.6166,-122.0801
Robb_Stark-14,,21.6166,-122.0801
Robb_Stark-14,Riverrun,,
Robb_Stark-15,Riverrun,,
Robb_Stark-15,Oldstones,,
Robb_Stark-15,,32.6578,-127.4121
Robb_Stark-16,,32.6578,-127.4121
Robb_Stark-16,Twins,,
Sansa_Stark-1,Winterfell,,
Sansa_Stark-1,,64.6991,-124.8632
Sansa_Stark-1,,57.9848,-122.4023
Sansa_Stark-2,,57.9848,-122.4023
Sansa_Stark-2,,44.5900,-122.4023
Sansa_Stark-2,,41.0462,-120.5566
Sansa_Stark-2,,36.1733,-122.0507
Sansa_Stark-2,,33.8700,-121.5234
Sansa_Stark-2,,26.4312,-114.1406
Sansa_Stark-3,,26.4312,-114.1406
Sansa_Stark-3,Darry,,
Sansa_Stark-3,,16.0669,-109.5263
Sansa_Stark-3,Hayford,,
Sansa_Stark-3,King%27s_Landing,,
Sansa_Stark-4,King%27s_Landing,,
Sansa_Stark-4,,1.2303,-103.3593
Sansa_Stark-5,,1.2303,-103.3593
Sansa_Stark-5,,1.4939,-98.0859
Sansa_Stark-5,,9.7956,-88.1542
Sansa_Stark-5,,13.4109,-82.7929
Sansa_Stark-6,,13.4109,-82.7929
Sansa_Stark-6,,32.1756,-77.2558
Sansa_Stark-6,House_Baelish,,
Sansa_Stark-7,,13.4109,-82.7929
Sansa_Stark-7,,23.9661,-80.3320
Sansa_Stark-7,,27.3718,-84.1553
Sansa_Stark-7,Gulltown,,
Sansa_Stark-7,,31.6907,-96.0644
Sansa_Stark-7,,30.9776,-100.1074
Sansa_Stark-7,Bloody_Gate,,
Sansa_Stark-7,Eyrie,,
Sansa_Stark-8,House_Baelish,,
Sansa_Stark-8,Longbow_Hall,,
Sansa_Stark-8,,30.9776,-100.1074
Sansa_Stark-8,Bloody_Gate,,
Sansa_Stark-8,Eyrie,,
Sansa_Stark-9,Bloody_Gate,,
Sansa_Stark-9,,27.4107,-104.9121
Sansa_Stark-9,,27.4107,-104.9121
Sansa_Stark-9,,25.2446,-106.0107
Sansa_Stark-9,,25.1651,-110.2294
Sansa_Stark-9,Crossroads_Inn,,
Sansa_Stark-10,Winterfell,,
Sansa_Stark-10,,67.1187,-124.8486
Sansa_Stark-11,,67.1187,-124.8486
Sansa_Stark-11,Castle_Black,,
Sansa_Stark-12,Castle_Black,,
Sansa_Stark-12,Mole%27s_Town,,
Sansa_Stark-13,Castle_Black,,
Sansa_Stark-13,,74.8219,-107.0947
Sansa_Stark-13,,76.0479,-112.0605
Sansa_Stark-13,Westwatch-by-the-Bridge,,
Sansa_Stark-13,,75.6504,-121.0253
Sansa_Stark-13,,73.0610,-135.5712
Sansa_Stark-13,,72.6595,-138.5156
Sansa_Stark-13,,73.1758,-139.2626
Sansa_Stark-13,,73.4659,-138.7353
Sansa_Stark-13,,72.1144,-140.2734
Sansa_Stark-13,Deepwood_Motte,,
Sansa_Stark-13,,72.1144,-140.2734
Sansa_Stark-13,,75.6504,-121.0253
Sansa_Stark-14,,74.8219,-107.0947
Sansa_Stark-14,,72.6988,-108.8964
Sansa_Stark-14,,68.5121,-120.8496
Sansa_Stark-14,Winterfell,,
Bran_Stark-1,Winterfell,,
Bran_Stark-1,Execution_Holdfast,,
Bran_Stark-2,,65.9822,-124.9804
Bran_Stark-2,Winterfell,,
Bran_Stark-2,,66.6877,-124.0136
Bran_Stark-3,,66.6877,-124.0136
Bran_Stark-3,,67.3399,-124.1895
Bran_Stark-4,,67.3399,-124.1895
Bran_Stark-4,,70.4662,-119.7070
Bran_Stark-5,,70.4662,-119.7070
Bran_Stark-5,,72.2355,-114.3457
Bran_Stark-6,,72.2355,-114.3457
Bran_Stark-6,,73.5533,-111.0059
Bran_Stark-7,,73.5533,-111.0059
Bran_Stark-7,Queenscrown,,
Bran_Stark-8,,66.6877,-124.0136
Bran_Stark-8,Tumbledown_Tower,,
Bran_Stark-9,Tumbledown_Tower,,
Bran_Stark-9,,71.3851,-121.8164
Bran_Stark-10,,71.3851,-121.8164
Bran_Stark-10,Queenscrown,,
Bran_Stark-11,Queenscrown,,
Bran_Stark-11,Nightfort,,
Bran_Stark-12,Nightfort,,
Bran_Stark-12,,77.0000,-111.5332
Bran_Stark-13,,77.0000,-111.5332
Bran_Stark-13,Craster%27s_Keep,,
Bran_Stark-14,Nightfort,,
Bran_Stark-14,,81.7421,-129.6826
Bran_Stark-15,Craster%27s_Keep,,
Bran_Stark-15,,81.7421,-129.6826
Bran_Stark-16,,81.7421,-129.6826
Bran_Stark-16,,81.7610,-128.4082
Bran_Stark-17,,81.7610,-128.4082
Bran_Stark-17,,81.6660,-127.7490
Bran_Stark-18,,81.6660,-127.7490
Bran_Stark-18,,76.6189,-106.6113
Arya_Stark-1,Winterfell,,
Arya_Stark-1,,64.6991,-124.8632
Arya_Stark-1,,57.9848,-122.4023
Arya_Stark-2,,57.9848,-122.4023
Arya_Stark-2,,44.5900,-122.4023
Arya_Stark-2,,41.0462,-120.5566
Arya_Stark-2,,36.1733,-122.0507
Arya_Stark-2,,33.8700,-121.5234
Arya_Stark-2,,26.4312,-114.1406
Arya_Stark-3,,26.4312,-114.1406
Arya_Stark-3,Darry,,
Arya_Stark-3,,16.0669,-109.5263
Arya_Stark-3,Hayford,,
Arya_Stark-3,King%27s_Landing,,
Arya_Stark-4,King%27s_Landing,,
Arya_Stark-4,,5.5285,-107.3144
Arya_Stark-5,,5.5285,-107.3144
Arya_Stark-5,Ivy_Inn,,
Arya_Stark-6,Ivy_Inn,,
Arya_Stark-6,Gods_Eye_Holdfast,,
Arya_Stark-7,Ivy_Inn,,
Arya_Stark-7,,16.0669,-109.5263
Arya_Stark-7,Harrenhal,,
Arya_Stark-8,Gods_Eye_Holdfast,,
Arya_Stark-8,,11.9533,-112.0605
Arya_Stark-8,Gods_Eye_Village,,
Arya_Stark-9,Gods_Eye_Village,,
Arya_Stark-9,,16.4676,-111.2695
Arya_Stark-9,Harrenhal,,
Arya_Stark-10,Harrenhal,,
Arya_Stark-10,,21.5348,-116.5869
Arya_Stark-11,,21.5348,-116.5869
Arya_Stark-11,Inn_of_the_Kneeling_Man,,
Arya_Stark-12,Inn_of_the_Kneeling_Man,,
Arya_Stark-12,,22.5125,-124.5410
Arya_Stark-13,,22.5125,-124.5410
Arya_Stark-13,Lychester_Keep,,
Arya_Stark-13,Lady_of_the_Leaves,,
Arya_Stark-13,Acorn_Hall,,
Arya_Stark-14,Acorn_Hall,,
Arya_Stark-14,Stoney_Sept,,
Arya_Stark-15,Stoney_Sept,,
Arya_Stark-15,Hollow_Hill,,
Arya_Stark-16,Inn_of_the_Kneeling_Man,,
Arya_Stark-16,Hollow_Hill,,
Arya_Stark-17,Hollow_Hill,,
Arya_Stark-17,Robbed_Sept,,
Arya_Stark-18,Robbed_Sept,,
Arya_Stark-18,High_Heart,,
Arya_Stark-18,Goodbrook_Village,,
Arya_Stark-19,Goodbrook_Village,,
Arya_Stark-19,Lord_Harroway%27s_Town,,
Arya_Stark-20,Hollow_Hill,,
Arya_Stark-20,Lord_Harroway%27s_Town,,
Arya_Stark-21,Lord_Harroway%27s_Town,,
Arya_Stark-21,,26.3524,-114.8730
Arya_Stark-21,,38.4793,-126.8261
Arya_Stark-21,Twins,,
Arya_Stark-22,Twins,,
Arya_Stark-22,,37.2303,-120.0586
Arya_Stark-23,,37.2303,-120.0586
Arya_Stark-23,,33.3580,-118.3886
Arya_Stark-24,,33.3580,-118.3886
Arya_Stark-24,Palisade_Village,,
Arya_Stark-25,Palisade_Village,,
Arya_Stark-25,,28.1495,-108.8085
Arya_Stark-26,,28.1495,-108.8085
Arya_Stark-26,Bloody_Gate,,
Arya_Stark-27,Bloody_Gate,,
Arya_Stark-27,,25.2446,-104.1503
Arya_Stark-27,Saltpans,,
Arya_Stark-28,Palisade_Village,,
Arya_Stark-28,Crossroads_Inn,,
Arya_Stark-28,Saltpans,,
Arya_Stark-29,Saltpans,,
Arya_Stark-29,,18.5629,-100.5468
Arya_Stark-29,,21.2893,-89.0332
Arya_Stark-29,,31.1281,-77.6513
Arya_Stark-29,,44.5591,-60.9521
Arya_Stark-29,Braavos,,
Arya_Stark-30,Saltpans,,
Arya_Stark-30,Crossroads_Inn,,
Rickon_Stark-1,,65.9822,-124.9804
Rickon_Stark-1,Winterfell,,
Rickon_Stark-1,,66.6877,-124.0136
Rickon_Stark-2,,66.6877,-124.0136
Rickon_Stark-2,,67.3399,-124.1895
Rickon_Stark-3,,67.3399,-124.1895
Rickon_Stark-3,,70.4662,-119.7070
Rickon_Stark-4,,70.4662,-119.7070
Rickon_Stark-4,,72.2355,-114.3457
Rickon_Stark-5,,72.2355,-114.3457
Rickon_Stark-5,,73.5533,-111.0059
Rickon_Stark-6,,73.5533,-111.0059
Rickon_Stark-6,Queenscrown,,
Rickon_Stark-7,Queenscrown,,
Rickon_Stark-7,,73.7265,-109.7753
Rickon_Stark-7,Last_Hearth,,
Rickon_Stark-7,,72.7380,-109.0722
Rickon_Stark-7,,68.6885,-120.7617
Rickon_Stark-7,Winterfell,,
Jon_Snow-1,Winterfell,,
Jon_Snow-1,Execution_Holdfast,,
Jon_Snow-2,Winterfell,,
Jon_Snow-2,,68.7204,-121.1132
Jon_Snow-2,,72.9454,-108.4570
Jon_Snow-2,Castle_Black,,
Jon_Snow-3,Castle_Black,,
Jon_Snow-3,,76.6189,-106.6113
Jon_Snow-4,Castle_Black,,
Jon_Snow-4,,76.7202,-105.2050
Jon_Snow-5,Castle_Black,,
Jon_Snow-5,,75.7589,-106.6992
Jon_Snow-6,Castle_Black,,
Jon_Snow-6,Whitetree,,
Jon_Snow-7,Whitetree,,
Jon_Snow-7,Craster%27s_Keep,,
Jon_Snow-8,Craster%27s_Keep,,
Jon_Snow-8,Fist_of_the_First_Men,,
Jon_Snow-9,Fist_of_the_First_Men,,
Jon_Snow-9,,78.3316,-119.9707
Jon_Snow-9,,78.1435,-121.4208
Jon_Snow-10,,78.1435,-121.4208
Jon_Snow-10,,78.0437,-124.0136
Jon_Snow-11,Fist_of_the_First_Men,,
Jon_Snow-11,,76.5781,-113.2910
Jon_Snow-12,,76.5781,-113.2910
Jon_Snow-12,,75.1858,-114.3457
Jon_Snow-13,,75.1858,-114.3457
Jon_Snow-13,Queenscrown,,
Jon_Snow-14,,76.5781,-113.2910
Jon_Snow-14,Queenscrown,,
Jon_Snow-15,Queenscrown,,
Jon_Snow-15,Castle_Black,,
Jon_Snow-16,Castle_Black,,
Jon_Snow-16,Eastwatch-by-the-Sea,,
Jon_Snow-16,,77.5420,-94.3945
Jon_Snow-16,,78.9713,-95.4492
Jon_Snow-16,Hardhome,,
Jon_Snow-17,,76.3933,-99.0527
Jon_Snow-17,,76.4552,-106.6113
Jon_Snow-17,Castle_Black,,
Jon_Snow-18,Castle_Black,,
Jon_Snow-18,,74.8219,-107.0947
Jon_Snow-18,,76.0479,-112.0605
Jon_Snow-18,Westwatch-by-the-Bridge,,
Jon_Snow-18,,75.6504,-121.0253
Jon_Snow-18,,73.0610,-135.5712
Jon_Snow-18,,72.6595,-138.5156
Jon_Snow-18,,73.1758,-139.2626
Jon_Snow-18,,73.4659,-138.7353
Jon_Snow-18,,72.1144,-140.2734
Jon_Snow-18,Deepwood_Motte,,
Jon_Snow-18,,72.1144,-140.2734
Jon_Snow-18,,75.6504,-121.0253
Daenerys_Targaryen-1,Pentos,,
Daenerys_Targaryen-1,,3.4256,-58.0078
Daenerys_Targaryen-2,,3.4256,-58.0078
Daenerys_Targaryen-2,,-0.1757,-41.1328
Daenerys_Targaryen-2,,1.1425,-37.0019
Daenerys_Targaryen-2,,-2.0210,-30.7617
Daenerys_Targaryen-2,Ny_Sar,,
Daenerys_Targaryen-2,Ar_Noy,,
Daenerys_Targaryen-2,,-12.1252,-7.3828
Daenerys_Targaryen-2,,-13.1543,0.1757
Daenerys_Targaryen-3,,-13.1543,0.1757
Daenerys_Targaryen-3,Vaes_Dothrak,,
Daenerys_Targaryen-4,Vaes_Dothrak,,
Daenerys_Targaryen-4,,-30.2970,101.0742
Daenerys_Targaryen-4,Lhazar,,
Daenerys_Targaryen-5,Lhazar,,
Daenerys_Targaryen-5,,-51.7270,106.0839
Daenerys_Targaryen-5,,-66.9300,121.8164
Daenerys_Targaryen-5,,-68.0404,128.5839
Daenerys_Targaryen-5,Vaes_Tolorro,,
Daenerys_Targaryen-6,Vaes_Tolorro,,
Daenerys_Targaryen-6,,-77.6365,142.2070
Daenerys_Targaryen-6,,-79.0718,155.6542
Daenerys_Targaryen-6,Qarth,,
Daenerys_Targaryen-7,Qarth,,
Daenerys_Targaryen-7,,-81.3480,145.7226
Daenerys_Targaryen-7,,-77.4086,103.6230
Daenerys_Targaryen-8,,-77.4086,103.6230
Daenerys_Targaryen-8,,-69.2249,83.4082
Daenerys_Targaryen-8,,-68.3019,74.0039
Daenerys_Targaryen-8,,-58.4936,58.1835
Daenerys_Targaryen-8,,-56.4624,60.2920
Daenerys_Targaryen-8,Astapor,,
Daenerys_Targaryen-9,Astapor,,
Daenerys_Targaryen-9,,-58.2170,75.1464
Daenerys_Targaryen-10,Astapor,,
Daenerys_Targaryen-10,,-58.2170,75.1464
Daenerys_Targaryen-10,,-53.3308,76.3769
Daenerys_Targaryen-10,Yunkai,,
Daenerys_Targaryen-11,Yunkai,,
Daenerys_Targaryen-11,,-48.5747,78.7500
Daenerys_Targaryen-12,,-48.5747,78.7500
Daenerys_Targaryen-12,Meereen,,
Daenerys_Targaryen-13,Meereen,,
Daenerys_Targaryen-13,,-39.8760,89.7363
Daenerys_Targaryen-13,,-32.6948,85.7575
Daenerys_Targaryen-13,,-33.5047,85.7812
Daenerys_Targaryen-14,,-33.5047,85.7812
Daenerys_Targaryen-14,,-24.6070,72.4218
Daenerys_Targaryen-15,,-24.6070,72.4218
Daenerys_Targaryen-15,Vaes_Dothrak,,
Daenerys_Targaryen-16,Vaes_Dothrak,,
Daenerys_Targaryen-16,,-22.0652,73.5644
Daenerys_Targaryen-17,,-22.0652,73.5644
Daenerys_Targaryen-17,Meereen,,
Daenerys_Targaryen-18,Meereen,,
Daenerys_Targaryen-18,,-58.2632,52.0312
Daenerys_Targaryen-18,,-68.3505,50.6689
Aegon_Targaryen-1,Ghoyan_Drohe,,
Aegon_Targaryen-1,,7.1881,-40.7812
Aegon_Targaryen-1,,4.0396,-38.4082
Aegon_Targaryen-1,,4.0834,-37.5292
Aegon_Targaryen-1,,1.1425,-36.1669
Aegon_Targaryen-1,Ny_Sar,,
Aegon_Targaryen-1,,-3.4256,-25.5322
Aegon_Targaryen-1,,-12.4258,-21.4453
Aegon_Targaryen-1,Sorrows,,
Aegon_Targaryen-2,Sorrows,,
Aegon_Targaryen-2,,-27.5277,-23.8183
Aegon_Targaryen-2,Selhorys,,
Aegon_Targaryen-3,Selhorys,,
Aegon_Targaryen-3,,-34.6693,-20.9619
Aegon_Targaryen-3,,-35.9957,-19.8632
Aegon_Targaryen-3,,-36.6684,-20.5224
Aegon_Targaryen-3,,-39.3002,-19.3359
Aegon_Targaryen-3,,-41.1455,-16.8310
Aegon_Targaryen-3,Volon_Therys,,
Aegon_Targaryen-4,Volon_Therys,,
Aegon_Targaryen-4,,-43.0046,-14.7216
Aegon_Targaryen-4,,-43.4210,-12.3046
Aegon_Targaryen-4,Volantis,,
Aegon_Targaryen-4,,-48.8357,-11.1621
Aegon_Targaryen-4,,-49.5537,-19.3359
Aegon_Targaryen-4,,-38.5481,-68.5546
Aegon_Targaryen-4,,-36.2442,-70.3125
Aegon_Targaryen-4,,-35.8178,-74.8828
Aegon_Targaryen-4,,-33.2111,-77.7832
Aegon_Targaryen-4,,-20.6327,-79.1894
Aegon_Targaryen-4,Griffin%27s_Roost,,
Tywin_Lannister-1,Casterly_Rock,,
Tywin_Lannister-1,Sarsfield,,
Tywin_Lannister-1,Golden_Tooth,,
Tywin_Lannister-1,Wayfarer%27s_Rest,,
Tywin_Lannister-1,Riverrun,,
Tywin_Lannister-2,Riverrun,,
Tywin_Lannister-2,Fairmarket,,
Tywin_Lannister-2,,32.6578,-122.3876
Tywin_Lannister-3,,32.6578,-122.3876
Tywin_Lannister-3,,32.6578,-120.5419
Tywin_Lannister-3,,25.5226,-113.5107
Tywin_Lannister-3,Crossroads_Inn,,
Tywin_Lannister-4,Crossroads_Inn,,
Tywin_Lannister-4,Darry,,
Tywin_Lannister-4,Harrenhal,,
Tywin_Lannister-5,Harrenhal,,
Tywin_Lannister-5,,18.1458,-115.8398
Tywin_Lannister-6,,18.1458,-115.8398
Tywin_Lannister-6,,11.6091,-119.5312
Tywin_Lannister-6,King%27s_Landing,,
Jaime_Lannister-1,King%27s_Landing,,
Jaime_Lannister-1,Hayford,,
Jaime_Lannister-1,,16.0669,-109.5263
Jaime_Lannister-1,Darry,,
Jaime_Lannister-1,,26.4312,-114.1406
Jaime_Lannister-1,,33.8704,-121.5234
Jaime_Lannister-1,,36.1733,-122.0507
Jaime_Lannister-1,,41.0462,-120.5566
Jaime_Lannister-1,,44.5904,-122.4023
Jaime_Lannister-1,,57.9848,-122.4023
Jaime_Lannister-1,,64.6991,-124.8633
Jaime_Lannister-1,Winterfell,,
Jaime_Lannister-2,King%27s_Landing,,
Jaime_Lannister-2,,0.9667,-108.6328
Jaime_Lannister-2,,3.7765,-113.2031
Jaime_Lannister-3,,3.7765,-113.2031
Jaime_Lannister-3,,5.3535,-116.2792
Jaime_Lannister-3,,1.9332,-127.6171
Jaime_Lannister-3,Deep_Den,,
Jaime_Lannister-3,,7.4496,-141.9433
Jaime_Lannister-3,Sarsfield,,
Jaime_Lannister-3,Golden_Tooth,,
Jaime_Lannister-3,Wayfarer%27s_Rest,,
Jaime_Lannister-3,Riverrun,,
Jaime_Lannister-4,Riverrun,,
Jaime_Lannister-4,,23.9661,-128.3642
Jaime_Lannister-5,,23.9661,-128.3642
Jaime_Lannister-5,,14.6898,-143.8769
Jaime_Lannister-5,Oxcross,,
Jaime_Lannister-6,Riverrun,,
Jaime_Lannister-6,,23.5237,-127.4853
Jaime_Lannister-6,They_Lay_With_Lions,,
Jaime_Lannister-7,Oxcross,,
Jaime_Lannister-7,,9.7091,-142.1191
Jaime_Lannister-7,,11.4370,-135.4395
Jaime_Lannister-7,,12.5546,-131.5723
Jaime_Lannister-8,They_Lay_With_Lions,,
Jaime_Lannister-8,,23.8858,-125.1123
Jaime_Lannister-8,,24.8066,-124.9365
Jaime_Lannister-8,,25.6019,-122.3876
Jaime_Lannister-8,Inn_of_the_Kneeling_Man,,
Jaime_Lannister-9,Inn_of_the_Kneeling_Man,,
Jaime_Lannister-9,,23.8858,-119.9707
Jaime_Lannister-10,,12.5546,-131.5723
Jaime_Lannister-10,,11.4370,-126.4746
Jaime_Lannister-11,,11.4370,-126.4746
Jaime_Lannister-11,,13.7527,-123.3105
Jaime_Lannister-12,,13.7527,-123.3105
Jaime_Lannister-12,,16.2991,-119.0918
Jaime_Lannister-13,,23.8858,-119.9707
Jaime_Lannister-13,Harrenhal,,
Jaime_Lannister-14,,16.2991,-119.0918
Jaime_Lannister-14,Harrenhal,,
Jaime_Lannister-15,Harrenhal,,
Jaime_Lannister-15,,16.9727,-112.1484
Jaime_Lannister-16,,16.9727,-112.1484
Jaime_Lannister-16,,16.0669,-109.5263
Jaime_Lannister-16,Brindlewood,,
Jaime_Lannister-17,Brindlewood,,
Jaime_Lannister-17,Hayford,,
Jaime_Lannister-17,King%27s_Landing,,
Jaime_Lannister-18,King%27s_Landing,,
Jaime_Lannister-18,,1.1425,-99.4921
Jaime_Lannister-18,,10.1419,-87.1875
Jaime_Lannister-18,,-11.8673,-77.8710
Jaime_Lannister-18,,-22.2687,-77.3437
Jaime_Lannister-18,,-33.2111,-77.8710
Jaime_Lannister-18,,-39.7071,-78.2226
Jaime_Lannister-18,,-40.9798,-81.0351
Jaime_Lannister-19,,-40.9798,-81.0351
Jaime_Lannister-19,Water_Gardens,,
Jaime_Lannister-20,Water_Gardens,,
Jaime_Lannister-20,Sunspear,,
Jaime_Lannister-21,Sunspear,,
Jaime_Lannister-21,,-43.6440,-83.1884
Jaime_Lannister-22,,-43.6440,-83.1884
Jaime_Lannister-22,,-39.7071,-78.2226
Jaime_Lannister-23,Harrenhal,,
Jaime_Lannister-23,Darry,,
Jaime_Lannister-24,Darry,,
Jaime_Lannister-24,Inn_of_the_Kneeling_Man,,
Jaime_Lannister-24,Riverrun,,
Jaime_Lannister-25,Riverrun,,
Jaime_Lannister-25,Raventree_Hall,,
Jaime_Lannister-25,Pennytree,,
Cersei_Lannister-1,King%27s_Landing,,
Cersei_Lannister-1,Hayford,,
Cersei_Lannister-1,,16.0669,-109.5263
Cersei_Lannister-1,Darry,,
Cersei_Lannister-1,,26.4312,-114.1406
Cersei_Lannister-1,,33.8704,-121.5234
Cersei_Lannister-1,,36.1733,-122.0507
Cersei_Lannister-1,,41.0462,-120.5566
Cersei_Lannister-1,,44.5904,-122.4023
Cersei_Lannister-1,,57.9848,-122.4023
Cersei_Lannister-1,,64.6991,-124.8633
Cersei_Lannister-1,Winterfell,,
Tyrion_Lannister-1,King%27s_Landing,,
Tyrion_Lannister-1,Hayford,,
Tyrion_Lannister-1,,16.0669,-109.5263
Tyrion_Lannister-1,Darry,,
Tyrion_Lannister-1,,26.4312,-114.1406
Tyrion_Lannister-1,,33.8704,-121.5234
Tyrion_Lannister-1,,36.1733,-122.0507
Tyrion_Lannister-1,,41.0462,-120.5566
Tyrion_Lannister-1,,44.5904,-122.4023
Tyrion_Lannister-1,,57.9848,-122.4023
Tyrion_Lannister-1,,64.6991,-124.8633
Tyrion_Lannister-1,Winterfell,,
Tyrion_Lannister-2,Winterfell,,
Tyrion_Lannister-2,,68.7204,-121.1132
Tyrion_Lannister-2,,72.9454,-108.4570
Tyrion_Lannister-2,Castle_Black,,
Tyrion_Lannister-3,Crossroads_Inn,,
Tyrion_Lannister-3,,25.1651,-110.2294
Tyrion_Lannister-3,,25.2446,-106.0107
Tyrion_Lannister-3,,27.4107,-104.9121
Tyrion_Lannister-4,,27.4107,-104.9121
Tyrion_Lannister-4,,28.2656,-103.5937
Tyrion_Lannister-4,Eyrie,,
Tyrion_Lannister-5,,32.6578,-120.5419
Tyrion_Lannister-5,,32.6578,-122.3876
Tyrion_Lannister-6,King%27s_Landing,,
Tyrion_Lannister-6,,2.1967,-98.4375
Tyrion_Lannister-6,,10.0554,-87.5390
Tyrion_Lannister-6,,2.9869,-65.6542
Tyrion_Lannister-6,Pentos,,
Tyrion_Lannister-7,Pentos,,
Tyrion_Lannister-7,,6.2279,-49.8339
Tyrion_Lannister-7,,-15.1145,-37.7929
Tyrion_Lannister-8,,-15.1145,-37.7929
Tyrion_Lannister-8,,-41.7713,-29.3554
Tyrion_Lannister-8,Volantis,,
Tyrion_Lannister-9,Volantis,,
Tyrion_Lannister-9,,-46.6192,-8.9648
Tyrion_Lannister-9,,-45.3984,3.3398
Tyrion_Lannister-9,,-64.1297,18.5449
Tyrion_Lannister-9,,-65.0350,29.8828
Tyrion_Lannister-9,,-65.1276,38.2324
Tyrion_Lannister-10,,-65.1276,38.2324
Tyrion_Lannister-10,,-64.9049,41.5283
Tyrion_Lannister-10,,-62.2883,43.5937
Tyrion_Lannister-11,,-62.2883,43.5937
Tyrion_Lannister-11,,-63.0350,58.1835
Tyrion_Lannister-11,,-60.4138,59.9414
Tyrion_Lannister-11,,-56.8008,57.3925
Tyrion_Lannister-11,,-58.2170,75.1464
Tyrion_Lannister-11,,-53.3308,76.3769
Tyrion_Lannister-11,Yunkai,,
Tyrion_Lannister-11,,-48.5747,78.7500
Tyrion_Lannister-11,Meereen,,
Tyrion_Lannister-12,Pentos,,
Tyrion_Lannister-12,,6.4026,-49.6582
Tyrion_Lannister-13,,6.4026,-49.6582
Tyrion_Lannister-13,Ghoyan_Drohe,,
Tyrion_Lannister-14,Ghoyan_Drohe,,
Tyrion_Lannister-14,,7.1881,-40.7812
Tyrion_Lannister-14,,4.0396,-38.4082
Tyrion_Lannister-14,,4.0834,-37.5292
Tyrion_Lannister-14,,1.1425,-36.1669
Tyrion_Lannister-14,Ny_Sar,,
Tyrion_Lannister-15,Ny_Sar,,
Tyrion_Lannister-15,,-3.4256,-25.5322
Tyrion_Lannister-15,,-12.4258,-21.4453
Tyrion_Lannister-15,Sorrows,,
Tyrion_Lannister-16,Sorrows,,
Tyrion_Lannister-16,,-27.5277,-23.8183
Tyrion_Lannister-16,Selhorys,,
Tyrion_Lannister-17,Selhorys,,
Tyrion_Lannister-17,Sar_Mell,,
Tyrion_Lannister-17,,-42.2935,-14.5019
Tyrion_Lannister-17,,-42.8115,-11.6015
Tyrion_Lannister-17,Volantis,,
Tyrion_Lannister-18,Volantis,,
Tyrion_Lannister-18,,-65.2198,14.4140
Tyrion_Lannister-19,,-65.2198,14.4140
Tyrion_Lannister-19,,-73.0482,19.6875
Tyrion_Lannister-19,,-74.4021,41.4843
Tyrion_Lannister-19,,-72.2355,59.6777
Tyrion_Lannister-19,,-65.3301,58.0078
Tyrion_Lannister-20,,-65.3301,58.0078
Tyrion_Lannister-20,,-60.0209,59.5898
Tyrion_Lannister-20,,-56.9928,59.3261
Tyrion_Lannister-20,Meereen,,
Tyrion_Lannister-21,Meereen,,
Tyrion_Lannister-21,,-58.2632,52.0312
Tyrion_Lannister-21,,-68.3505,50.6689
Joffrey_Baratheon-1,King%27s_Landing,,
Joffrey_Baratheon-1,Hayford,,
Joffrey_Baratheon-1,,16.0669,-109.5263
Joffrey_Baratheon-1,Darry,,
Joffrey_Baratheon-1,,26.4312,-114.1406
Joffrey_Baratheon-1,,33.8704,-121.5234
Joffrey_Baratheon-1,,36.1733,-122.0507
Joffrey_Baratheon-1,,41.0462,-120.5566
Joffrey_Baratheon-1,,44.5904,-122.4023
Joffrey_Baratheon-1,,57.9848,-122.4023
Joffrey_Baratheon-1,,64.6991,-124.8633
Joffrey_Baratheon-1,Winterfell,,
Tommen_Baratheon-1,King%27s_Landing,,
Tommen_Baratheon-1,Hayford,,
Tommen_Baratheon-1,,16.0669,-109.5263
Tommen_Baratheon-1,Darry,,
Tommen_Baratheon-1,,26.4312,-114.1406
Tommen_Baratheon-1,,33.8704,-121.5234
Tommen_Baratheon-1,,36.1733,-122.0507
Tommen_Baratheon-1,,41.0462,-120.5566
Tommen_Baratheon-1,,44.5904,-122.4023
Tommen_Baratheon-1,,57.9848,-122.4023
Tommen_Baratheon-1,,64.6991,-124.8633
Tommen_Baratheon-1,Winterfell,,
Myrcella_Baratheon-1,King%27s_Landing,,
Myrcella_Baratheon-1,Hayford,,
Myrcella_Baratheon-1,,16.0669,-109.5263
Myrcella_Baratheon-1,Darry,,
Myrcella_Baratheon-1,,26.4312,-114.1406
Myrcella_Baratheon-1,,33.8704,-121.5234
Myrcella_Baratheon-1,,36.1733,-122.0507
Myrcella_Baratheon-1,,41.0462,-120.5566
Myrcella_Baratheon-1,,44.5904,-122.4023
Myrcella_Baratheon-1,,57.9848,-122.4023
Myrcella_Baratheon-1,,64.6991,-124.8632
Myrcella_Baratheon-1,Winterfell,,
Myrcella_Baratheon-2,King%27s_Landing,,
Myrcella_Baratheon-2,,1.1425,-99.4921
Myrcella_Baratheon-3,,1.1425,-99.4921
Myrcella_Baratheon-3,,10.1419,-87.1875
Myrcella_Baratheon-3,,44.5904,-61.4355
Myrcella_Baratheon-3,Braavos,,
Myrcella_Baratheon-3,,44.5904,-61.4355
Myrcella_Baratheon-3,,-12.6403,-78.6621
Myrcella_Baratheon-3,,-33.2111,-77.6953
Myrcella_Baratheon-3,,-41.7057,-79.5410
Myrcella_Baratheon-3,Sunspear,,
Myrcella_Baratheon-4,Sunspear,,
Myrcella_Baratheon-4,Shandystone,,
Myrcella_Baratheon-4,,-43.0367,-92.2412
Myrcella_Baratheon-5,,-43.0367,-92.2412
Myrcella_Baratheon-5,,-43.0046,-91.3183
Myrcella_Baratheon-5,,-43.8345,-90.4833
Myrcella_Baratheon-5,,-43.7393,-89.0771
Myrcella_Baratheon-5,,-44.3395,-88.0664
Myrcella_Baratheon-5,Planky_Town,,
Myrcella_Baratheon-5,Sunspear,,
Myrcella_Baratheon-6,Sunspear,,
Myrcella_Baratheon-6,,-43.6440,-83.1884
Myrcella_Baratheon-7,,-43.6440,-83.1884
Myrcella_Baratheon-7,,-41.7057,-79.5410
Myrcella_Baratheon-7,,-33.2111,-77.6953
Myrcella_Baratheon-7,,-12.6403,-78.6621
Myrcella_Baratheon-7,,1.1425,-99.4921
Robert_Baratheon-1,King%27s_Landing,,
Robert_Baratheon-1,Hayford,,
Robert_Baratheon-1,,16.0669,-109.5263
Robert_Baratheon-1,Darry,,
Robert_Baratheon-1,,26.4312,-114.1406
Robert_Baratheon-1,,33.8704,-121.5234
Robert_Baratheon-1,,36.1733,-122.0507
Robert_Baratheon-1,,41.0462,-120.5566
Robert_Baratheon-1,,44.5904,-122.4023
Robert_Baratheon-1,,57.9848,-122.4023
Robert_Baratheon-1,,64.6991,-124.8632
Robert_Baratheon-1,Winterfell,,
Robert_Baratheon-2,King%27s_Landing,,
Robert_Baratheon-2,,-5.1347,-103.0517
Stannis_Baratheon-1,King%27s_Landing,,
Stannis_Baratheon-1,,0.7031,-101.7773
Stannis_Baratheon-1,,11.3357,-85.0161
Stannis_Baratheon-1,Dragonstone,,
Stannis_Baratheon-2,,11.3357,-85.0161
Stannis_Baratheon-2,,-4.7406,-82.9687
Stannis_Baratheon-2,,-17.6440,-89.8242
Stannis_Baratheon-2,Storm%27s_End,,
Stannis_Baratheon-3,Dragonstone,,
Stannis_Baratheon-3,,19.6425,-80.8593
Stannis_Baratheon-3,,31.7281,-77.1679
Stannis_Baratheon-3,,44.5591,-60.9521
Stannis_Baratheon-3,Braavos,,
Stannis_Baratheon-4,Braavos,,
Stannis_Baratheon-4,,72.5808,-79.2773
Stannis_Baratheon-4,Eastwatch-by-the-Sea,,
Stannis_Baratheon-4,Castle_Black,,
Stannis_Baratheon-5,Dragonstone,,
Stannis_Baratheon-5,,19.6425,-80.8593
Stannis_Baratheon-5,,31.7281,-77.1679
Stannis_Baratheon-5,,72.5808,-79.2773
Stannis_Baratheon-5,Eastwatch-by-the-Sea,,
Stannis_Baratheon-5,Castle_Black,,
Stannis_Baratheon-6,Castle_Black,,
Stannis_Baratheon-6,Mole%27s_Town,,
Stannis_Baratheon-7,Mole%27s_Town,,
Stannis_Baratheon-7,,72.8679,-108.8964
Stannis_Baratheon-7,,70.6126,-115.7519
Stannis_Baratheon-8,,70.6126,-115.7519
Stannis_Baratheon-8,Winterfell,,
Stannis_Baratheon-9,Castle_Black,,
Stannis_Baratheon-9,,75.2977,-115.2246
Stannis_Baratheon-9,,72.7119,-118.7402
Stannis_Baratheon-9,,72.6595,-125.2441
Stannis_Baratheon-9,,70.3778,-130.2539
Stannis_Baratheon-9,Deepwood_Motte,,
Stannis_Baratheon-10,Deepwood_Motte,,
Stannis_Baratheon-10,Crofters%27_village,,
Renly_Baratheon-1,King%27s_Landing,,
Renly_Baratheon-1,Hayford,,
Renly_Baratheon-1,,16.0669,-109.5263
Renly_Baratheon-1,Darry,,
Renly_Baratheon-1,,26.4312,-114.1406
Renly_Baratheon-2,King%27s_Landing,,
Renly_Baratheon-2,,-5.1347,-103.0517
Renly_Baratheon-3,King%27s_Landing,,
Renly_Baratheon-3,,-2.1088,-104.7656
Renly_Baratheon-3,,-5.1784,-106.6113
Renly_Baratheon-3,Bitterbridge,,
Renly_Baratheon-3,,-13.6673,-131.2207
Renly_Baratheon-3,Highgarden,,
Renly_Baratheon-4,Bitterbridge,,
Renly_Baratheon-4,,-10.1851,-92.6074
Renly_Baratheon-4,Storm%27s_End,,
Theon_Greyjoy-1,Winterfell,,
Theon_Greyjoy-1,Execution_Holdfast,,
Theon_Greyjoy-2,Winterfell,,
Theon_Greyjoy-2,Moat_Cailin,,
Theon_Greyjoy-3,Moat_Cailin,,
Theon_Greyjoy-3,,45.0580,-122.4902
Theon_Greyjoy-3,Twins,,
Theon_Greyjoy-4,Twins,,
Theon_Greyjoy-4,,34.7777,-125.3906
Theon_Greyjoy-4,Fairmarket,,
Theon_Greyjoy-4,,23.9661,-128.3642
Theon_Greyjoy-5,,23.9661,-128.3642
Theon_Greyjoy-5,Riverrun,,
Theon_Greyjoy-6,Riverrun,,
Theon_Greyjoy-6,,28.6905,-125.6835
Theon_Greyjoy-6,Seagard,,
Theon_Greyjoy-6,,29.3821,-143.4375
Theon_Greyjoy-6,Pyke,,
Theon_Greyjoy-7,Pyke,,
Theon_Greyjoy-7,,26.4312,-151.5234
Theon_Greyjoy-7,,26.6670,-156.0058
Theon_Greyjoy-7,,29.8406,-158.6425
Theon_Greyjoy-7,,48.5747,-162.9492
Theon_Greyjoy-8,,48.5747,-162.9492
Theon_Greyjoy-8,,61.9802,-162.0703
Theon_Greyjoy-8,Stony_Shore,,
Theon_Greyjoy-9,,48.5747,-162.9492
Theon_Greyjoy-9,,51.4540,-156.0058
Theon_Greyjoy-9,,53.5403,-144.6679
Theon_Greyjoy-9,,56.9449,-144.4042
Theon_Greyjoy-9,,60.6301,-139.3066
Theon_Greyjoy-9,Torrhen%27s_Square,,
Theon_Greyjoy-9,Winterfell,,
Theon_Greyjoy-10,,61.9802,-162.0703
Theon_Greyjoy-10,,58.4017,-161.1035
Theon_Greyjoy-10,,52.6963,-151.5234
Theon_Greyjoy-10,,53.5403,-144.6679
Theon_Greyjoy-10,,56.9449,-144.4042
Theon_Greyjoy-10,,60.6301,-139.3066
Theon_Greyjoy-10,Torrhen%27s_Square,,
Theon_Greyjoy-10,Winterfell,,
Theon_Greyjoy-11,Winterfell,,
Theon_Greyjoy-11,,65.9822,-124.9804
Theon_Greyjoy-11,,65.2198,-125.4199
Theon_Greyjoy-12,Winterfell,,
Theon_Greyjoy-12,,65.6582,-116.3671
Theon_Greyjoy-12,Dreadfort,,
Theon_Greyjoy-13,Winterfell,,
Theon_Greyjoy-13,Crofters%27_village,,
Theon_Greyjoy-14,Winterfell,,
Theon_Greyjoy-14,,67.1187,-124.8486
Theon_Greyjoy-15,,67.1187,-124.8486
Theon_Greyjoy-15,,65.0721,-142.3828
Theon_Greyjoy-15,,64.8489,-145.6347
Theon_Greyjoy-15,,60.9304,-153.8085
Theon_Greyjoy-15,Stony_Shore,,
Theon_Greyjoy-15,,61.7731,-162.3339
Theon_Greyjoy-15,,46.6192,-161.1914
Theon_Greyjoy-15,Ten_Towers,,
Theon_Greyjoy-16,Ten_Towers,,
Theon_Greyjoy-16,,31.9894,-154.4824
Theon_Greyjoy-17,,31.9894,-154.4824
Theon_Greyjoy-17,,33.3213,-154.5556
Theon_Greyjoy-17,,33.5413,-157.1923
Theon_Greyjoy-17,,30.0310,-157.9833
Theon_Greyjoy-17,,5.7471,-159.0820
Theon_Greyjoy-17,,-34.4884,-159.9169
Theon_Greyjoy-17,,-51.0137,-146.2939
Theon_Greyjoy-17,,-49.6107,-16.4355
Theon_Greyjoy-17,,-48.1074,-10.6347
Theon_Greyjoy-17,Volantis,,
Theon_Greyjoy-18,Volantis,,
Theon_Greyjoy-18,,-72.7640,19.6875
Theon_Greyjoy-18,,-74.0919,38.4960
Theon_Greyjoy-18,,-61.0582,60.6445
Theon_Greyjoy-18,,-57.7979,58.3593
Theon_Greyjoy-18,Meereen,,
Theon_Greyjoy-19,Meereen,,
Theon_Greyjoy-19,,-58.2632,52.0312
Theon_Greyjoy-19,,-68.3505,50.6689
Brienne_of_Tarth-1,Evenfall_Hall,,
Brienne_of_Tarth-1,,-17.4764,-90.8789
Brienne_of_Tarth-1,Storm%27s_End,,
Brienne_of_Tarth-1,,-14.6048,-91.1425
Brienne_of_Tarth-1,,-11.0921,-92.1093
Brienne_of_Tarth-1,Bronzegate,,
Brienne_of_Tarth-1,Fawnton,,
Brienne_of_Tarth-1,Grassy_Vale,,
Brienne_of_Tarth-1,Longtable,,
Brienne_of_Tarth-1,Cider_Hall,,
Brienne_of_Tarth-1,Highgarden,,
Brienne_of_Tarth-1,,-13.6673,-131.3964
Brienne_of_Tarth-1,Bitterbridge,,
Brienne_of_Tarth-2,Bitterbridge,,
Brienne_of_Tarth-2,Bronzegate,,
Brienne_of_Tarth-2,Storm%27s_End,,
Brienne_of_Tarth-3,Storm%27s_End,,
Brienne_of_Tarth-3,,-14.1365,-98.6718
Brienne_of_Tarth-3,,-9.3189,-105.7031
Brienne_of_Tarth-3,,-7.2316,-115.5468
Brienne_of_Tarth-3,,12.2112,-135.7910
Brienne_of_Tarth-3,Oxcross,,
Brienne_of_Tarth-4,Storm%27s_End,,
Brienne_of_Tarth-4,,-14.1365,-98.6718
Brienne_of_Tarth-4,,-9.3189,-105.7031
Brienne_of_Tarth-4,,-7.2316,-115.5468
Brienne_of_Tarth-4,Riverrun,,
Brienne_of_Tarth-5,Riverrun,,
Brienne_of_Tarth-5,,23.5237,-127.4853
Brienne_of_Tarth-5,They_Lay_With_Lions,,
Brienne_of_Tarth-6,Oxcross,,
Brienne_of_Tarth-6,,9.7091,-142.1191
Brienne_of_Tarth-6,,11.4370,-135.4395
Brienne_of_Tarth-6,,12.5546,-131.5723
Brienne_of_Tarth-7,They_Lay_With_Lions,,
Brienne_of_Tarth-7,,23.8858,-125.1123
Brienne_of_Tarth-7,,24.8066,-124.9365
Brienne_of_Tarth-7,,25.6019,-122.3876
Brienne_of_Tarth-7,Inn_of_the_Kneeling_Man,,
Brienne_of_Tarth-8,Inn_of_the_Kneeling_Man,,
Brienne_of_Tarth-8,,23.8858,-119.9707
Brienne_of_Tarth-9,,12.5546,-131.5723
Brienne_of_Tarth-9,,11.4370,-126.4746
Brienne_of_Tarth-10,,11.4370,-126.4746
Brienne_of_Tarth-10,,13.7527,-123.3105
Brienne_of_Tarth-11,,13.7527,-123.3105
Brienne_of_Tarth-11,,16.2991,-119.0918
Brienne_of_Tarth-12,,23.8858,-119.9707
Brienne_of_Tarth-12,Harrenhal,,
Brienne_of_Tarth-13,,16.2991,-119.0918
Brienne_of_Tarth-13,Harrenhal,,
Brienne_of_Tarth-14,Harrenhal,,
Brienne_of_Tarth-14,,16.9727,-112.1484
Brienne_of_Tarth-14,,16.0669,-109.5263
Brienne_of_Tarth-14,Brindlewood,,
Brienne_of_Tarth-15,Brindlewood,,
Brienne_of_Tarth-15,Hayford,,
Brienne_of_Tarth-15,King%27s_Landing,,
Brienne_of_Tarth-16,King%27s_Landing,,
Brienne_of_Tarth-16,,4.9158,-101.6015
Brienne_of_Tarth-17,,16.0669,-109.5263
Brienne_of_Tarth-17,Crossroads_Inn,,
Brienne_of_Tarth-18,Crossroads_Inn,,
Brienne_of_Tarth-18,,23.9661,-109.8632
Brienne_of_Tarth-18,,25.2446,-104.1503
Brienne_of_Tarth-19,Crossroads_Inn,,
Brienne_of_Tarth-19,,34.8859,-121.9042
Brienne_of_Tarth-19,,41.2447,-120.6738
Brienne_of_Tarth-19,,44.6530,-122.4316
Brienne_of_Tarth-19,,52.6963,-121.6406
Brienne_of_Tarth-20,,52.6963,-121.6406
Brienne_of_Tarth-20,,54.2652,-116.6308
Brienne_of_Tarth-20,,59.4450,-122.8710
Brienne_of_Tarth-20,,64.8862,-125.0683
Brienne_of_Tarth-20,Castle_Cerwyn,,
Brienne_of_Tarth-21,Castle_Cerwyn,,
Brienne_of_Tarth-21,Winterfell,,
Brienne_of_Tarth-22,Winterfell,,
Brienne_of_Tarth-22,,67.1187,-124.8486
Brienne_of_Tarth-23,,67.1187,-124.8486
Brienne_of_Tarth-23,Castle_Black,,
Brienne_of_Tarth-24,Castle_Black,,
Brienne_of_Tarth-24,Mole%27s_Town,,
Brienne_of_Tarth-25,Mole%27s_Town,,
Brienne_of_Tarth-25,,72.9711,-108.5449
Brienne_of_Tarth-25,Winterfell,,
Brienne_of_Tarth-25,,64.8676,-124.5410
Brienne_of_Tarth-25,Moat_Cailin,,
Brienne_of_Tarth-25,,44.6530,-122.4316
Brienne_of_Tarth-26,Crossroads_Inn,,
Brienne_of_Tarth-26,,22.3500,-114.0380
Brienne_of_Tarth-26,Inn_of_the_Kneeling_Man,,
Brienne_of_Tarth-26,Riverrun,,
Brienne_of_Tarth-26,,23.4430,-127.2216
Brienne_of_Tarth-27,King%27s_Landing,,
Brienne_of_Tarth-27,Duskendale,,
Brienne_of_Tarth-28,Duskendale,,
Brienne_of_Tarth-28,Maidenpool,,
Brienne_of_Tarth-29,Maidenpool,,
Brienne_of_Tarth-29,,18.1458,-96.6796
Brienne_of_Tarth-29,,17.2247,-92.7246
Brienne_of_Tarth-29,Dyre_Den,,
Brienne_of_Tarth-29,Whispers,,
Brienne_of_Tarth-30,Maidenpool,,
Brienne_of_Tarth-30,Quiet_Isle,,
Brienne_of_Tarth-31,Quiet_Isle,,
Brienne_of_Tarth-31,Crossroads_Inn,,
Brienne_of_Tarth-32,Crossroads_Inn,,
Brienne_of_Tarth-32,BWB_Hideout,,
Brienne_of_Tarth-33,BWB_Hideout,,
Brienne_of_Tarth-33,Pennytree,,
Davos-1,,-23.8054,-83.3203
Davos-1,,-23.0797,-79.1894
Davos-1,,-12.0393,-78.6621
Davos-1,Dragonstone,,
Davos-2,Dragonstone,,
Davos-2,,15.9613,-82.4414
Davos-3,,15.9613,-82.4414
Davos-3,,24.3671,-79.4531
Davos-3,,26.8240,-84.6386
Davos-3,Gulltown,,
Davos-3,,26.8240,-84.6386
Davos-3,,32.4726,-75.9375
Davos-3,Old_Anchor,,
Davos-3,,36.4566,-79.3652
Davos-3,,44.0875,-80.5957
Davos-3,Snakewood,,
Davos-3,,44.0875,-80.5957
Davos-3,,47.6357,-88.1542
Davos-3,Coldwater_Burn,,
Davos-3,,47.6357,-88.1542
Davos-3,,49.7244,-87.1875
Davos-3,Sisterton,,
Davos-3,,51.2344,-112.4121
Davos-3,White_Harbor,,
Davos-3,,51.2344,-112.4121
Davos-3,,50.2893,-82.1777
Davos-3,,32.4726,-74.9707
Davos-3,,-4.7406,-82.9687
Davos-3,,-17.6440,-89.8242
Davos-3,Storm%27s_End,,
Davos-3a,,-4.7406,-82.9687
Davos-3a,,11.3357,-85.0161
Davos-4,,11.3357,-85.0161
Davos-4,,0.7031,-101.7773
Davos-4,King%27s_Landing,,
Davos-5,King%27s_Landing,,
Davos-5,,2.8991,-93.0761
Davos-6,,2.8991,-93.0761
Davos-6,,8.3202,-89.6484
Davos-6,,11.3357,-85.0161
Davos-6,Dragonstone,,
Davos-7,Dragonstone,,
Davos-7,,19.6425,-80.8593
Davos-7,,31.7281,-77.1679
Davos-7,,44.5591,-60.9521
Davos-7,Braavos,,
Davos-8,Braavos,,
Davos-8,,72.5808,-79.2773
Davos-8,Eastwatch-by-the-Sea,,
Davos-8,,76.6189,-106.6113
Davos-8,Castle_Black,,
Davos-9,Castle_Black,,
Davos-9,Mole%27s_Town,,
Davos-10,Mole%27s_Town,,
Davos-10,,72.8679,-108.8964
Davos-10,,70.6126,-115.7519
Davos-11,Castle_Black,,
Davos-11,,74.8219,-107.0947
Davos-11,,76.0479,-112.0605
Davos-11,Westwatch-by-the-Bridge,,
Davos-11,,75.6504,-121.0253
Davos-11,,73.0610,-135.5712
Davos-11,,72.6595,-138.5156
Davos-11,,73.1758,-139.2626
Davos-11,,73.4659,-138.7353
Davos-11,,72.1144,-140.2734
Davos-11,Deepwood_Motte,,
Davos-11,,72.1144,-140.2734
Davos-11,,75.6504,-121.0253
Davos-12,,74.8219,-107.0947
Davos-12,,72.6988,-108.8964
Davos-12,,68.5121,-120.8496
Davos-12,Winterfell,,
Davos-13,Dragonstone,,
Davos-13,,19.6425,-80.8593
Davos-13,,31.7281,-77.1679
Davos-13,,72.5808,-79.2773
Davos-13,Eastwatch-by-the-Sea,,
Davos-13,,72.5808,-79.2773
Davos-13,,56.6078,-83.7597
Davos-13,Sisterton,,
Davos-14,Sisterton,,
Davos-14,,51.2894,-111.7968
Davos-14,White_Harbor,,
Samwell_Tarly-1,Horn_Hill,,
Samwell_Tarly-1,Highgarden,,
Samwell_Tarly-1,,-13.6673,-131.2207
Samwell_Tarly-1,Bitterbridge,,
Samwell_Tarly-1,,-6.9264,-109.1601
Samwell_Tarly-1,,-2.1088,-104.7656
Samwell_Tarly-1,King%27s_Landing,,
Samwell_Tarly-1,Hayford,,
Samwell_Tarly-1,,16.0669,-109.5263
Samwell_Tarly-1,Darry,,
Samwell_Tarly-1,,26.4312,-114.1406
Samwell_Tarly-1,,33.8704,-121.5234
Samwell_Tarly-1,,36.1733,-122.0507
Samwell_Tarly-1,,41.0462,-120.5566
Samwell_Tarly-1,,44.5904,-122.4023
Samwell_Tarly-1,,57.9848,-122.4023
Samwell_Tarly-1,,64.6991,-124.8632
Samwell_Tarly-1,Winterfell,,
Samwell_Tarly-1,,68.7204,-121.1132
Samwell_Tarly-1,,72.9454,-108.4570
Samwell_Tarly-1,Castle_Black,,
Samwell_Tarly-2,Castle_Black,,
Samwell_Tarly-2,,76.6189,-106.6113
Samwell_Tarly-3,Castle_Black,,
Samwell_Tarly-3,Whitetree,,
Samwell_Tarly-4,Whitetree,,
Samwell_Tarly-4,Craster%27s_Keep,,
Samwell_Tarly-5,Craster%27s_Keep,,
Samwell_Tarly-5,Fist_of_the_First_Men,,
Samwell_Tarly-6,Fist_of_the_First_Men,,
Samwell_Tarly-6,,77.7675,-115.4003
Samwell_Tarly-7,,77.7675,-115.4003
Samwell_Tarly-7,Craster%27s_Keep,,
Samwell_Tarly-8,Craster%27s_Keep,,
Samwell_Tarly-8,,77.2351,-111.6211
Samwell_Tarly-9,,77.2351,-111.6211
Samwell_Tarly-9,,76.8608,-111.1816
Samwell_Tarly-10,,76.8608,-111.1816
Samwell_Tarly-10,,76.6899,-110.6104
Samwell_Tarly-11,,76.6899,-110.6104
Samwell_Tarly-11,Nightfort,,
Samwell_Tarly-12,Nightfort,,
Samwell_Tarly-12,Castle_Black,,
Samwell_Tarly-13,Castle_Black,,
Samwell_Tarly-13,Mole%27s_Town,,
Samwell_Tarly-14,Castle_Black,,
Samwell_Tarly-14,Eastwatch-by-the-Sea,,
Samwell_Tarly-14,,72.5808,-79.2773
Samwell_Tarly-14,,63.7824,-69.0820
Samwell_Tarly-15,,63.7824,-69.0820
Samwell_Tarly-15,Braavos,,
Samwell_Tarly-16,Braavos,,
Samwell_Tarly-16,,44.5278,-62.3144
Samwell_Tarly-16,,-22.2687,-77.3437
Samwell_Tarly-16,,-33.2111,-77.8710
Samwell_Tarly-16,,-41.3768,-78.7500
Samwell_Tarly-16,,-48.3416,-88.5937
Samwell_Tarly-16,,-49.6107,-110.2148
Samwell_Tarly-17,,63.7824,-69.0820
Samwell_Tarly-17,,44.5278,-62.3144
Samwell_Tarly-17,,-22.2687,-77.3437
Samwell_Tarly-17,,-33.2111,-77.8710
Samwell_Tarly-17,,-41.3768,-78.7500
Samwell_Tarly-17,,-48.3416,-88.5937
Samwell_Tarly-17,,-49.6107,-110.2148
Samwell_Tarly-18,,-49.6107,-110.2148
Samwell_Tarly-18,,-50.4575,-134.3847
Samwell_Tarly-18,,-47.3388,-148.8867
Samwell_Tarly-18,,-41.1124,-154.2480
Samwell_Tarly-18,Oldtown,,
Samwell_Tarly-18,,-30.9776,-142.7343
Samwell_Tarly-18,Horn_Hill,,
Samwell_Tarly-19,,-49.6107,-110.2148
Samwell_Tarly-19,,-50.4575,-135.2636
Samwell_Tarly-19,,-47.2792,-149.8535
Samwell_Tarly-19,,-40.7805,-154.6875
Samwell_Tarly-19,Oldtown,,
Asha_Greyjoy-1,Pyke,,
Asha_Greyjoy-1,,31.5036,-151.4355
Asha_Greyjoy-1,,46.3773,-161.6309
Asha_Greyjoy-1,,61.8976,-162.1582
Asha_Greyjoy-1,,71.6083,-153.5449
Asha_Greyjoy-1,,72.1549,-149.7656
Asha_Greyjoy-1,Deepwood_Motte,,
Asha_Greyjoy-2,Deepwood_Motte,,
Asha_Greyjoy-2,Winterfell,,
Asha_Greyjoy-3,Deepwood_Motte,,
Asha_Greyjoy-3,Tumbledown_Tower,,
Asha_Greyjoy-3,,67.0674,-113.8183
Asha_Greyjoy-3,Dreadfort,,
Asha_Greyjoy-4,,46.3773,-161.6309
Asha_Greyjoy-4,Ten_Towers,,
Asha_Greyjoy-5,Ten_Towers,,
Asha_Greyjoy-5,,31.9894,-154.4824
Asha_Greyjoy-6,,31.9894,-154.4824
Asha_Greyjoy-6,,46.3773,-161.6309
Asha_Greyjoy-7,Deepwood_Motte,,
Asha_Greyjoy-7,,70.0955,-139.4385
Asha_Greyjoy-8,Deepwood_Motte,,
Asha_Greyjoy-8,Crofters%27_village,,
Asha_Greyjoy-9,,31.9894,-154.4824
Asha_Greyjoy-9,,33.3213,-154.5556
Asha_Greyjoy-9,,33.5413,-157.1923
Asha_Greyjoy-9,,30.0310,-157.9833
Asha_Greyjoy-9,,5.7471,-159.0820
Asha_Greyjoy-9,,-34.4884,-159.9169
Asha_Greyjoy-9,,-51.0137,-146.2939
Asha_Greyjoy-9,,-49.6107,-16.4355
Asha_Greyjoy-9,,-48.1074,-10.6347
Asha_Greyjoy-9,Volantis,,
Asha_Greyjoy-10,Volantis,,
Asha_Greyjoy-10,,-72.7640,19.6875
Asha_Greyjoy-10,,-74.0919,38.4960
Asha_Greyjoy-10,,-61.0582,60.6445
Asha_Greyjoy-10,,-57.7979,58.3593
Asha_Greyjoy-10,Meereen,,
Asha_Greyjoy-11,Meereen,,
Asha_Greyjoy-11,,-58.2632,52.0312
Asha_Greyjoy-11,,-68.3505,50.6689
Victarion_Greyjoy-1,Pyke,,
Victarion_Greyjoy-1,,31.5036,-151.4355
Victarion_Greyjoy-1,,46.3773,-161.6309
Victarion_Greyjoy-1,,51.4540,-156.1816
Victarion_Greyjoy-1,,53.2258,-141.5918
Victarion_Greyjoy-1,,54.0078,-132.5391
Victarion_Greyjoy-1,Moat_Cailin,,
Victarion_Greyjoy-2,,46.3773,-161.6309
Victarion_Greyjoy-2,,31.9894,-154.4824
Victarion_Greyjoy-3,,31.9894,-154.4824
Victarion_Greyjoy-3,,31.5036,-151.4355
Victarion_Greyjoy-3,,28.8447,-152.4023
Victarion_Greyjoy-3,,26.9808,-175.5176
Victarion_Greyjoy-3,,-19.6426,-175.2539
Victarion_Greyjoy-3,Lord_Hewett%27s_Town,,
Victarion_Greyjoy-4,Lord_Hewett%27s_Town,,
Victarion_Greyjoy-4,,-34.3071,-160.1367
Victarion_Greyjoy-4,,-38.8910,-158.0273
Victarion_Greyjoy-4,,-47.3388,-148.3594
Victarion_Greyjoy-4,,-50.7365,-133.8574
Victarion_Greyjoy-4,,-52.4292,7.9102
Victarion_Greyjoy-4,,-73.0738,18.1934
Victarion_Greyjoy-4,,-74.0679,38.4961
Victarion_Greyjoy-4,,-67.8424,50.9766
Victarion_Greyjoy-4,,-59.4227,52.7344
Victarion_Greyjoy-5,,-59.4227,52.7344
Victarion_Greyjoy-5,,-57.9382,51.5918
Victarion_Greyjoy-5,,-52.2682,62.9297
Arianne_Martell-1,Sunspear,,
Arianne_Martell-1,Shandystone,,
Arianne_Martell-1,,-43.0367,-92.2412
Arianne_Martell-2,,-43.0367,-92.2412
Arianne_Martell-2,,-43.0046,-91.3183
Arianne_Martell-2,,-43.8345,-90.4833
Arianne_Martell-2,,-43.7393,-89.0771
Arianne_Martell-2,,-44.3395,-88.0664
Arianne_Martell-2,Planky_Town,,
Arianne_Martell-2,Sunspear,,
Petyr_Baelish-1,King%27s_Landing,,
Petyr_Baelish-1,,-2.1088,-104.7656
Petyr_Baelish-1,,-6.9264,-109.1601
Petyr_Baelish-1,Bitterbridge,,
Petyr_Baelish-2,King%27s_Landing,,
Petyr_Baelish-2,,1.2303,-103.3593
Petyr_Baelish-2,,1.4939,-98.0859
Petyr_Baelish-2,,9.7956,-88.1542
Petyr_Baelish-2,,13.4109,-82.7929
Petyr_Baelish-2,,23.9661,-80.3320
Petyr_Baelish-2,,27.3718,-84.1553
Petyr_Baelish-2,Gulltown,,
Petyr_Baelish-2,,31.6907,-96.0644
Petyr_Baelish-2,,30.9776,-100.1074
Petyr_Baelish-2,Bloody_Gate,,
Petyr_Baelish-2,Eyrie,,
Petyr_Baelish-3,King%27s_Landing,,
Petyr_Baelish-3,,1.2303,-103.3593
Petyr_Baelish-4,,1.2303,-103.3593
Petyr_Baelish-4,,1.4939,-98.0859
Petyr_Baelish-4,,9.7956,-88.1542
Petyr_Baelish-4,,13.4109,-82.7929
Petyr_Baelish-4,,32.1756,-77.2558
Petyr_Baelish-4,House_Baelish,,
Petyr_Baelish-5,House_Baelish,,
Petyr_Baelish-5,Longbow_Hall,,
Petyr_Baelish-5,Eyrie,,
Petyr_Baelish-6,Crossroads_Inn,,
Petyr_Baelish-6,,25.1651,-110.2294
Petyr_Baelish-6,,25.2446,-106.0107
Petyr_Baelish-6,,27.4107,-104.9121
Petyr_Baelish-6,,27.4107,-104.9121
Petyr_Baelish-6,Bloody_Gate,,
Petyr_Baelish-7,Crossroads_Inn,,
Petyr_Baelish-7,,34.8859,-121.9042
Petyr_Baelish-7,,41.2447,-120.6738
Petyr_Baelish-7,,44.6530,-122.4316
Petyr_Baelish-7,Moat_Cailin,,
Petyr_Baelish-8,Moat_Cailin,,
Petyr_Baelish-8,,64.6991,-124.8633
Petyr_Baelish-8,Winterfell,,
Petyr_Baelish-9,,64.9235,-124.4531
Petyr_Baelish-9,,58.9500,-114.9609
Petyr_Baelish-9,White_Harbor,,
Petyr_Baelish-9,,50.1205,-111.5332
Petyr_Baelish-9,,49.8379,-83.1445
Petyr_Baelish-9,,32.0267,-76.9921
Petyr_Baelish-9,,23.9661,-80.3320
Petyr_Baelish-10,Gulltown,,
Petyr_Baelish-10,Runestone,,
Petyr_Baelish-11,Runestone,,
Petyr_Baelish-11,,32.0267,-76.9921
Petyr_Baelish-11,,71.1877,-79.8925
Petyr_Baelish-11,,72.9969,-81.5625
Petyr_Baelish-11,,74.0678,-86.9238
Petyr_Baelish-11,Eastwatch-by-the-Sea,,
Petyr_Baelish-11,Mole%27s_Town,,
Petyr_Baelish-12,,71.1877,-79.8925
Petyr_Baelish-12,,57.1839,-84.8144
Petyr_Baelish-12,,51.9713,-100.8105
Petyr_Baelish-12,,51.0413,-111.0498
Petyr_Baelish-12,White_Harbor,,
Petyr_Baelish-12,Moat_Cailin,,